{"loss": [0.012394942343235016, 0.009126377291977406, 0.007880552671849728, 0.006971383932977915, 0.006316306535154581, 0.005825521890074015, 0.005480644293129444, 0.005235148593783379, 0.005030153784900904, 0.004865787457674742, 0.004713654518127441, 0.004601352382451296, 0.004481538664549589, 0.0043760729022324085, 0.004239740315824747, 0.0041129374876618385, 0.004133508540689945, 0.003986742813140154, 0.004254207480698824, 0.003694944316521287, 0.003622345859184861, 0.0035786530934274197, 0.0036438421811908484, 0.0036944907624274492, 0.0034296587109565735, 0.0034141805954277515, 0.003426585579290986, 0.0032397699542343616, 0.003323301672935486, 0.0032239514403045177, 0.0033512203954160213, 0.0031270822510123253, 0.002991084475070238, 0.0029499195516109467, 0.002870397176593542, 0.002817791886627674, 0.00282062659971416, 0.0027648177929222584, 0.0028397885616868734, 0.0028568152338266373, 0.003187402617186308, 0.0028984055388718843, 0.00275795697234571, 0.0027274552267044783, 0.002621763153001666, 0.0025837242137640715, 0.002653192961588502, 0.0025515840388834476, 0.002575666643679142, 0.002712652087211609], "val_loss": [0.0020684581249952316, 0.0017850140575319529, 0.0017109197797253728, 0.0016805139603093266, 0.0016698443796485662, 0.0016301756259053946, 0.0015785311115905643, 0.0015933489194139838, 0.0015079504810273647, 0.0015969896921887994, 0.0014543526340276003, 0.0016421040054410696, 0.0014135332312434912, 0.001620024093426764, 0.0013859191676601768, 0.0014339296612888575, 0.001398536958731711, 0.0013335258699953556, 0.0013736876426264644, 0.0013947481056675315, 0.0013836389407515526, 0.0014097874518483877, 0.0014326978707686067, 0.0013617873191833496, 0.001340717077255249, 0.001358591951429844, 0.001363494317047298, 0.0013654605718329549, 0.0013464600779116154, 0.0013009713729843497, 0.0013878762256354094, 0.0013063553487882018, 0.0013447997625917196, 0.0012933784164488316, 0.0013310720678418875, 0.001307714032009244, 0.001317734713666141, 0.0013138903304934502, 0.0013094714377075434, 0.0013450579717755318, 0.0012962456094101071, 0.0013646838488057256, 0.00133683776948601, 0.0013358305441215634, 0.0013483255170285702, 0.0013226171722635627, 0.0013518278719857335, 0.0012974857818335295, 0.0013630195753648877, 0.0013199510285630822], "epochs": 50}